id,title,price,main_photo
001,"Recoleta + Cochera + 3 Ambientes",$ 800,https://www.bullano.com.ar/files/03-2026/ad17332/oUTXzKXzwcdQ.webp
002,"Departamento En Venta En Parque Avellaneda  Caba  ",$ 59.000,https://www.bullano.com.ar/files/06-2026/ad17686/XwESVWClnfVw.webp
003,"Terra078",$ 44.50030,https://www.bullano.com.ar/files/08-2026/ad18474/BCBRBCmlaJni.webp
004,"Depto 3 Ambientes A Cuadras De Subte B Y Parque Ce",$ 950.000,https://www.bullano.com.ar/files/08-2026/ad18471/QqeIkbMxwSrp.webp
005,"Dueo Directo Alquiler Depto. Caseros Centro - 7 Pi",$ 630.000,https://www.bullano.com.ar/files/08-2026/ad18470/XHJvCrdtfsyh.webp
006,"Departamento Semipiso En Alquiler En Belgrano  Cab",$ 1.400.000,https://www.bullano.com.ar/files/08-2026/ad18469/rPyBTxnKPXsD.webp
007,"Viv  Trabaja O Invert En Una Ubicacin Estratgica!",$ 900.007,https://www.bullano.com.ar/files/08-2026/ad18464/hnuAROFZvKsM.webp
008,"Departamento en venta  Mar del Plata",$ 625.005,https://www.bullano.com.ar/files/08-2026/ad18463/dZAjzvvjeAMj.webp
009,"Venta Monoambiente En Boedo",$ 100.000,https://www.bullano.com.ar/files/06-2026/ad18170/NwcZqIYjpnZA.webp
010,"Departamento En Venta En Balvanera  Caba  3 Dormit",$ 100.000,https://www.bullano.com.ar/files/06-2026/ad18169/sCQNmjMZTYdS.webp
011,"Departamento En Alquiler En Crdoba  2 Dormitorios ",$650.000,https://www.bullano.com.ar/files/06-2026/ad18165/MmtfzWdsgmla.webp
012,"Departamento En Alquiler En Caballito  Caba  1 Amb",$690.000,https://www.bullano.com.ar/files/06-2026/ad18162/EooRorbZxQTs.webp
013,"Departamento En Alquiler En San Isidro  Buenos Air",$750.000,https://www.bullano.com.ar/files/06-2026/ad18158/NMjlKeNymRyX.webp
014,"Departamento En Venta En Canasvieiras  Florianpoli",$ 5.950.023,https://www.bullano.com.ar/files/06-2026/ad18153/YggKBzAcIdtx.webp
015,"Departamento En Venta En Santinho  Florianpolis  C",$ 2.450.016.612,https://www.bullano.com.ar/files/06-2026/ad18152/BQsuvOniskSq.webp
016,"Departamento En Alquiler En Virreyes  San Fernando",$550.000,https://www.bullano.com.ar/files/06-2026/ad18150/APuSHbabhgxo.webp
017,"Departamento En Venta En Playa Varese  Mar Del Pla",$ 100.000,https://www.bullano.com.ar/files/06-2026/ad18145/CVHfvCaFYvRJ.webp
018,"Departamento Dplex En Venta En San Miguel De Tucum",$ 75.000144,https://www.bullano.com.ar/files/08-2026/ad18446/PhItpNucPzIz.webp
019,"Departamento En Venta En Flores  Caba  3 Ambientes",$ 100.000,https://www.bullano.com.ar/files/06-2026/ad18144/kswENihaAIkq.webp
020,"Departamento En Alquiler En Villa Urquiza  Caba  2",$600.000,https://www.bullano.com.ar/files/06-2026/ad18142/cKCFoyriZWPr.webp
021,"Departamento En Alquiler En Rosario  Santa Fe  Mon",$250.000,https://www.bullano.com.ar/files/06-2026/ad18138/snkQkTEOWABF.webp
022,"Departamento En Alquiler En Balvanera  Caba  1 Amb",$480.000,https://www.bullano.com.ar/files/06-2026/ad18130/MVtxJZSpktKi.webp
023,"Departamento En Alquiler En Quilmes  Buenos Aires ",$800.000,https://www.bullano.com.ar/files/06-2026/ad18127/cprslmfQTuJM.webp
024,"Semipiso 2 Ambientes Al Contrafrente - Luminoso Co",$ 100.000,https://www.bullano.com.ar/files/06-2026/ad18109/BLENfUdqVJmq.webp
025,"Departamento En Venta En Villa Carlos Paz  Crdoba ",$ 1.200.011,https://www.bullano.com.ar/files/06-2026/ad18102/sIcQkWPXsCeX.webp
026,"Departamento En Venta En Ro Cuarto  Crdoba  1 Dorm",$ 50.000,https://www.bullano.com.ar/files/06-2026/ad18097/BtChYKkuBdbd.webp
027,"Departamento En Venta En Almagro  Caba  3 Ambiente",$ 100.000,https://www.bullano.com.ar/files/06-2026/ad18078/SjAQsVOJXBcd.webp
028,"Departamento En Venta En Villa Santa Cruz Del Lago",$ 18.750.025,https://www.bullano.com.ar/files/06-2026/ad18061/PcOKOsMsSgga.webp
029,"Departamento Semipiso En Alquiler En Mar Del Plata",$ 990.000,https://www.bullano.com.ar/files/08-2026/ad18445/lcJQXGsRUhzk.webp
030,"Departamento En Alquiler En Mar Del Plata  3 Dormi",$ 825.012,https://www.bullano.com.ar/files/06-2026/ad18054/QJEGNcbcbnzO.webp
031,"Departamento En Alquiler En Merlo  Buenos Aires  2",$450.000,https://www.bullano.com.ar/files/06-2026/ad18044/TJjmVJYikvOC.webp
032,"Departamento En Alquiler En Padua  Merlo  1 Ambien",$350.000,https://www.bullano.com.ar/files/06-2026/ad18042/NGUKWOyFYWal.webp
033,"Departamento En Venta En Retiro  Caba  Monoambient",$ 100.000,https://www.bullano.com.ar/files/06-2026/ad18041/qLDirvEVudzf.webp
034,"Venta Departamento Con Balcn Y Cochera En Caballit",$ 100.000,https://www.bullano.com.ar/files/06-2026/ad18038/XuAazzNsXPBz.webp
035,"Departamento En Venta En Ro Cuarto  Crdoba  2 Dorm",$ 100.000,https://www.bullano.com.ar/files/06-2026/ad18037/AjegGnVuGsND.webp
036,"Venta Departamento Con Balcn En Caballito",$ 100.000,https://www.bullano.com.ar/files/06-2026/ad18035/SAVqkSVTeUKt.webp
037,"Departamento En Venta En Santinho  Florianpolis  2",$ 3.150.018,https://www.bullano.com.ar/files/05-2026/ad18028/LHllnMgedjuB.webp
038,"Departamento En Venta En Playa Ingleses  Florianpo",$ 2.150.021,https://www.bullano.com.ar/files/05-2026/ad18027/zMJSjweXGnyq.webp
039,"Dueo Directo",$ 185.000,https://www.bullano.com.ar/files/08-2026/ad18444/juQIGxqiioUw.webp
040,"Departamento En Venta En Playa Ingleses  Florianpo",$ 65.000.055,https://www.bullano.com.ar/files/05-2026/ad18019/pJICWebHQCLx.webp
041,"Departamento En Venta En Flores  Caba  3 Ambientes",$ 100.000,https://www.bullano.com.ar/files/05-2026/ad17992/oWrRwQRtKkiR.webp
042,"Departamento Dplex En Venta En Terrazas De San Lor",$ 150.000,https://www.bullano.com.ar/files/05-2026/ad17986/EjSOhfmzccdM.webp
043,"Departamento En Venta En Salta  Con 1 Dormitorio Y",$ 680000065,https://www.bullano.com.ar/files/05-2026/ad17982/HlyUFyVuEBCG.webp
044,"Departamento En Venta En Villa Real  Caba  Con 3 D",$ 3.625.017,https://www.bullano.com.ar/files/05-2026/ad17959/mznIfqeSXlxC.jpg
045,"Departamento En Venta En Ro Cuarto  Crdoba  Con Pa",$ 100.000,https://www.bullano.com.ar/files/05-2026/ad17956/MRsdhUTQPQQe.webp
046,"Departamento En Venta En Ro Cuarto  Crdoba  1 Dorm",$ 50.000,https://www.bullano.com.ar/files/05-2026/ad17954/YDYWMCOgIWof.webp
047,"Departamento En Alquiler En Lomas Del Mirador  Bue",$600.000,https://www.bullano.com.ar/files/05-2026/ad17933/raVBQKQhQUxZ.webp
048,"Departamento En Venta En Ro Cuarto  Crdoba  2 Dorm",$ 50.000,https://www.bullano.com.ar/files/05-2026/ad17932/bDxPbYbogKro.webp
049,"Departamento En Venta En Salta  Con 2 Dormitorios ",$1.234,https://www.bullano.com.ar/files/05-2026/ad17930/rgXHSSauwZhd.webp
050,"Vendo Depto Apto Credito En Macrocentro",$ 100.000,https://www.bullano.com.ar/files/08-2026/ad18443/XFxTLDlmpwTJ.webp
051,"Departamento En Alquiler En San Nicols  Caba  5 Am",$1.000.000,https://www.bullano.com.ar/files/05-2026/ad17924/oKOivWiaVRlc.webp
052,"Departamento En Venta En Terminal Vieja  Mar Del P",$ 1.375.007,https://www.bullano.com.ar/files/05-2026/ad17910/YDTQejHDeXIk.webp
053,"Departamento En Venta En Zona Playa Coln  Mar Del ",$ 1.737.509,https://www.bullano.com.ar/files/05-2026/ad17909/XedPjulHCEKZ.webp
054,"Departamento En Venta En Mar Del Plata  1 Dormitor",$ 950.006,https://www.bullano.com.ar/files/05-2026/ad17906/RwJWGhwFFars.webp
055,"Departamento En Venta En Belgrano  Caba  2 Ambient",$ 100.000,https://www.bullano.com.ar/files/05-2026/ad17877/xejIzjlnnUPX.webp
056,"Departamento En Alquiler En San Nicols  Caba  3 Am",$990.000,https://www.bullano.com.ar/files/05-2026/ad17876/FyquyhEUlzbe.webp
057,"Departamento En Venta En Caballito  Caba  2 Ambien",$ 100.000,https://www.bullano.com.ar/files/05-2026/ad17873/sNMetIeNvhuQ.webp
058,"Departamento En Venta En Olivos  Vicente Lpez  3 A",$ 100.000,https://www.bullano.com.ar/files/05-2026/ad17843/pbwSCYaZteDf.webp
059,"Departamento En Alquiler En Ro Cuarto  Crdoba  Con",$750.000,https://www.bullano.com.ar/files/05-2026/ad17841/FuMCgoRQgsuu.webp
060,"Departamento En Alquiler En Belgrano  Caba  2 Ambi",$ 100.000,https://www.bullano.com.ar/files/05-2026/ad17792/ywnOjzrPnlZc.webp
061,"Enorme Monoambiente  A Pasos Del Monumento A La Ba",$ 50.000,https://www.bullano.com.ar/files/08-2026/ad18441/zLFRJzmOVlNZ.webp
062,"Departamento En Venta En Salta Capital  3 Ambiente",$ 28500053,https://www.bullano.com.ar/files/05-2026/ad17795/DBjVysOlCstO.jpg
063,"Departamento En Venta En Plottier  Neuqun  1 Dormi",$ 100.000,https://www.bullano.com.ar/files/05-2026/ad17774/EQSPOhBlKbUl.webp
064,"Departamento En Venta En Maip  Mendoza  Con 2 Dorm",$ 100.000,https://www.bullano.com.ar/files/05-2026/ad17773/VBhDXdnPEoHr.webp
065,"Departamento En Venta En Ro Cuarto  Crdoba  Con 2 ",$ 50.000,https://www.bullano.com.ar/files/05-2026/ad17767/KjJzyRvMxTnN.webp
066,"Departamento En Venta En Salta  Salta  Con 2 Dormi",$ 680000065,https://www.bullano.com.ar/files/05-2026/ad17766/GuhYVPyshlnd.jpg
067,"Departamento En Venta En Mar Del Plata  A Pasos De",$ 1.175.006,https://www.bullano.com.ar/files/05-2026/ad17756/NrqoiDvFaexI.webp
068,"Departamento En Venta En Mar Del Plata  3 Ambiente",$ 1.175.015,https://www.bullano.com.ar/files/05-2026/ad17753/vRlVFTTYQncE.webp
069,"Departamento En Venta En Zona Gemes  Mar Del Plata",$ 1.375.011,https://www.bullano.com.ar/files/05-2026/ad17751/DIQdsnrutmBL.webp
070,"Departamento En Alquiler En Ro Cuarto  Crdoba  1 D",$700.000,https://www.bullano.com.ar/files/05-2026/ad17715/UyOlgiEFkAjV.webp
071,"De Lorenzi 180",$ 2.000.000,https://www.bullano.com.ar/files/08-2026/ad18439/zPXDFMaQUgWL.webp
072,"Departamento En Venta En Flores  Caba  2 Ambientes",$125.000,https://www.bullano.com.ar/files/05-2026/ad17713/AQdlMpABzbDp.webp
073,"Departamento En Venta En Villa Urquiza  Caba  3 Am",$ 100.000,https://www.bullano.com.ar/files/04-2026/ad17710/uYVhXkZWaPeO.webp
074,"Departamento En Venta En Villa Carlos Paz  Crdoba ",$ 112.500,https://www.bullano.com.ar/files/04-2026/ad17609/wJpfiSomLwFT.webp
075,"Departamento En Venta En Recoleta  Caba  1 Dormito",$ 100.000,https://www.bullano.com.ar/files/04-2026/ad17607/HjBuuzPogckT.webp
076,"Departamento En Venta En Liniers  Caba  3 Ambiente",$ 100.000,https://www.bullano.com.ar/files/04-2026/ad17691/oyzYUvFFZIYf.webp
077,"Departamento En Venta En Ro Cuarto  Crdoba  2 Dorm",$ 100.000,https://www.bullano.com.ar/files/04-2026/ad17684/xRcHJqnQNJcv.webp
078,"Departamento En Alquiler En Ramos Meja  Buenos Air",$800.000,https://www.bullano.com.ar/files/04-2026/ad17679/YFOSvFHVpgvX.webp
079,"Departamento En Alquiler En Neuqun  Con 1 Dormitor",$1.000.000,https://www.bullano.com.ar/files/04-2026/ad17667/RBpYCFBUikEo.webp
080,"Departamento En Venta En Santinho  Florianpolis  2",$ 90.000,https://www.bullano.com.ar/files/04-2026/ad17657/aMjlGIjtWenf.webp
081,"Departamento En Venta En Ro Cuarto  Crdoba  Con 3 ",$ 387.500,https://www.bullano.com.ar/files/04-2026/ad17655/VRitEuOMnRPx.webp
082,"Alquiler Departamento 2 Ambientes En Caballito",$ 450.000,https://www.bullano.com.ar/files/08-2026/ad18437/lSCUEaoAmPsU.webp
083,"Departamento En Alquiler En Ro Cuarto  Crdoba  1 D",$540.000,https://www.bullano.com.ar/files/04-2026/ad17635/IwCoTnxjrjeE.webp
084,"Departamento En Alquiler En Ramos Meja Sur  3 Ambi",$800.000,https://www.bullano.com.ar/files/04-2026/ad17630/hIxxNMhyxoIv.webp
085,"Departamento En Alquiler En San Justo  Buenos Aire",$500.000,https://www.bullano.com.ar/files/04-2026/ad17627/oByYEJUNAItt.webp
086,"Departamento En Alquiler En Villa Luzuriaga  Bueno",$520.000,https://www.bullano.com.ar/files/07-2026/ad17624/LNHusFfGJdvt.webp
087,"Departamento En Venta En Ro Cuarto  Crdoba  2 Dorm",$ 100.000,https://www.bullano.com.ar/files/04-2026/ad17619/THFefGnrLrcH.webp
088,"Departamento En Venta En Ro Cuarto  Crdoba  2 Dorm",$ 100.000,https://www.bullano.com.ar/files/04-2026/ad17598/BIPywBwOACUD.webp
089,"Departamento En Venta En San Luis  Dentro De Las 4",$ 2.125.015,https://www.bullano.com.ar/files/04-2026/ad17591/mxdYXdfLEHtu.webp
090,"Departamento En Venta En Ro Cuarto  Crdoba  Con 2 ",$ 100.000,https://www.bullano.com.ar/files/04-2026/ad17593/SaYtTgBJcWFn.webp
091,"Departamento En Venta En Rama Cada  San Rafael  72",$ 2.000.018,https://www.bullano.com.ar/files/04-2026/ad17572/JqmkozjAPVtJ.webp
092,"Departamento En Alquiler En Ciudad  Mendoza  2 Dor",$650.000,https://www.bullano.com.ar/files/04-2026/ad17570/uBcnoubLTQTh.webp
093,"Vendo Depto En Sector Macrocentro",$ 100.000,https://www.bullano.com.ar/files/08-2026/ad18432/zGYbxmNZQkmn.webp
094,"Departamento En Alquiler En Ciudad  Mendoza  1 Dor",$450.000,https://www.bullano.com.ar/files/04-2026/ad17568/rLFegkfPysjM.webp
095,"Departamento En Venta En Ro Cuarto  Crdoba  Con 2 ",$ 100.000,https://www.bullano.com.ar/files/04-2026/ad17504/ZximYcJcXkvL.webp
096,"Hermoso Duplex 2/3 Ambientes. Zona Congreso.",$ 100.000,https://www.bullano.com.ar/files/03-2025/ad14339/1741456560108.jpg
097,"Departamento En Alquiler En Rosario  Santa Fe  2 D",$670.000,https://www.bullano.com.ar/files/04-2026/ad17489/EsRRrYhnXfPQ.webp
098,"Departamento En Venta En Ro Cuarto  Crdoba  Con 3 ",$ 375.000,https://www.bullano.com.ar/files/04-2026/ad17470/UmmlbGUhAKGE.webp
099,"Departamento En Venta En Ro Cuarto  Crdoba  1 Dorm",$ 100.000,https://www.bullano.com.ar/files/04-2026/ad17468/oTWVqYqAffUf.webp
100,"Departamento En Venta En Ro Cuarto  Crdoba  Con Ba",$ 100.000,https://www.bullano.com.ar/files/04-2026/ad17455/LMUZcaMtsILY.webp